<?xml version="1.0" encoding="UTF-8"?>
<project-private xmlns="http://www.netbeans.org/ns/project-private/1">
    <editor-bookmarks xmlns="http://www.netbeans.org/ns/editor-bookmarks/2" lastBookmarkId="0"/>
    <open-files xmlns="http://www.netbeans.org/ns/projectui-open-files/2">
        <group name="Default">
            <file>file:/D:/OneDrive/Projects/HTBLA%20neu/POS3/Java%208/11%20H%20ProducerConsumerProblem%20Stub/src/net/htlgrieskirchen/pos3/pcp/Main.java</file>
            <file>file:/D:/OneDrive/Projects/HTBLA%20neu/POS3/Java%208/11%20H%20ProducerConsumerProblem%20Stub/src/net/htlgrieskirchen/pos3/pcp/Executor.java</file>
            <file>file:/D:/OneDrive/Projects/HTBLA%20neu/POS3/Java%208/11%20H%20ProducerConsumerProblem%20Stub/src/net/htlgrieskirchen/pos3/pcp/Producer.java</file>
            <file>file:/D:/OneDrive/Projects/HTBLA%20neu/POS3/Java%208/11%20H%20ProducerConsumerProblem%20Stub/src/net/htlgrieskirchen/pos3/pcp/Consumer.java</file>
        </group>
    </open-files>
</project-private>
